Date,Open Price,High Price,Low Price,Close Price,WAP,No.of Shares,No. of Trades,Total Turnover (Rs.),Deliverable Quantity,% Deli. Qty to Traded Qty,Spread High-Low,Spread Close-Open
12-June-2019,2249,2267,2219.5,2258.45,2238.97187736457,71366,4671,159786467,18021,25.25,47.5,9.45
11-June-2019,2237.9,2263,2233,2252.85,2251.4331717594,121513,7323,273578399,44040,36.24,30,14.95
10-June-2019,2194.9,2234.95,2189.25,2231.1,2220.0181185925,94323,6132,209398769,38369,40.68,45.7,36.2
7-June-2019,2177,2189,2145.2,2178.95,2164.36309219217,84031,3675,181873595,22599,26.89,43.8,1.95
6-June-2019,2199,2199,2151.45,2167.4,2169.00854822964,125991,4297,273275556,47591,37.77,47.55,-31.6
4-June-2019,2226,2226,2175,2182.45,2195.54999009384,111042,6411,243798262,28743,25.88,51,-43.55
3-June-2019,2207.8,2248,2186,2240.35,2224.255803683,292099,6946,649702896,182472,62.47,62,32.55
31-May-2019,2159.95,2205,2155,2196.85,2183.70815282083,165501,9375,361405883,61380,37.09,50,36.9
30-May-2019,2120,2153.4,2116.4,2145.4,2141.91307984302,170973,8241,366209305,71407,41.76,37,25.4
29-May-2019,2071,2121.75,2071,2105.25,2109.97466489615,199565,7348,421077094,91461,45.83,50.75,34.25
28-May-2019,2060,2097.45,2047.25,2075,2077.85712065848,212368,7995,441270361,49071,23.11,50.2,15
27-May-2019,2060,2067.75,2040.4,2053.8,2053.63274939589,222227,4334,456372645,147531,66.39,27.35,-6.2
24-May-2019,2074,2074,2034,2049.65,2052.20472088383,102735,5345,210833252,26443,25.74,40,-24.35
23-May-2019,2100,2115.1,2049,2053.75,2070.87616080558,167233,8725,346318833,71217,42.59,66.1,-46.25
22-May-2019,2114,2121.6,2076.7,2082.75,2091.54435609221,122238,7052,255666199,46714,38.22,44.9,-31.25
21-May-2019,2145,2149.95,2101.6,2109.2,2120.61298337189,87743,4177,186068945,35243,40.17,48.35,-35.8
20-May-2019,2126,2145,2050.25,2139.3,2114.68001307031,131596,6546,278283431,25508,19.38,94.75,13.3
17-May-2019,2120.6,2134.95,2088.95,2096.35,2105.77148569703,96029,3882,202215130,29385,30.6,46,-24.25
16-May-2019,2096,2123.4,2078.05,2109.45,2110.69877397783,85235,3468,179905410,27415,32.16,45.35,13.45
15-May-2019,2105,2125.55,2084.6,2094.5,2102.51304758724,122743,4987,258068759,46748,38.09,40.95,-10.5
14-May-2019,2137.5,2158.2,2074.5,2094.35,2101.13264736009,107390,6246,225640635,28696,26.72,83.7,-43.15
13-May-2019,2140,2167,2122.85,2131.1,2137.06473540353,154027,5231,329165670,69558,45.16,44.15,-8.9
10-May-2019,2174.35,2193.6,2125,2135.55,2157.3763345027,105470,4688,227538482,26259,24.9,68.6,-38.8
9-May-2019,2145,2182,2138,2168.7,2169.78583652921,80051,4070,173693526,24870,31.07,44,23.7
8-May-2019,2158,2167.75,2130.2,2152.65,2153.96497734519,59590,3302,128354773,23867,40.05,37.55,-5.35
7-May-2019,2155,2185,2140.1,2150.35,2162.63961860284,107919,4067,233389905,52929,49.05,44.9,-4.65
6-May-2019,2113,2165,2104.55,2154.7,2150.10306721705,123793,4983,266167709,42450,34.29,60.45,41.7
3-May-2019,2191,2191,2125.15,2132.5,2155.68640692641,167475,9327,361023581,53476,31.93,65.85,-58.5
2-May-2019,2260,2260,2209.45,2214.4,2227.53974512323,67719,4309,150846764,21829,32.23,50.55,-45.6
30-April-2019,2230,2265,2230,2254.95,2250.95434106673,125430,7582,282337203,45897,36.59,35,24.95
26-April-2019,2200,2244.55,2193.75,2238.3,2226.29830143653,149597,7924,333047547,51617,34.5,50.8,38.3
25-April-2019,2169,2199,2169,2191.7,2180.86844718335,97687,6216,213042496,29819,30.52,30,22.7
24-April-2019,2157.7,2195,2155.4,2185.45,2175.11582242958,114028,5518,248024107,32359,28.38,39.6,27.75
23-April-2019,2166,2167.6,2135.1,2157.7,2148.69220593541,74839,3515,160805976,19535,26.1,32.5,-8.3
22-April-2019,2148,2175.95,2147.25,2164.35,2169.78189666729,186485,5344,404631777,99507,53.36,28.7,16.35
18-April-2019,2141,2150.05,2116.3,2145.5,2137.70791860584,88311,4079,188783124,21185,23.99,33.75,4.5
16-April-2019,2116,2153.8,2116,2132.45,2137.56127255629,237129,10848,506877767,61356,25.87,37.8,16.45
15-April-2019,2071,2115,2041.05,2110.05,2085.43616651556,397080,17124,828084993,93127,23.45,73.95,39.05
12-April-2019,2040,2040,2008.05,2013.75,2021.32272332886,164813,6209,333140262,50653,30.73,31.95,-26.25
11-April-2019,2048,2055.3,2012.35,2019.05,2030.15098469912,133391,6837,270803870,37100,27.81,42.95,-28.95
10-April-2019,2098.6,2098.6,2038.55,2043.8,2055.71051928797,108591,5031,223231661,26306,24.22,60.05,-54.8
9-April-2019,2074.7,2096.1,2057,2088.1,2085.44849949033,124591,4965,259828114,35281,28.32,39.1,13.4
8-April-2019,2060,2078,2033.55,2069.75,2058.46270904053,112239,5087,231039796,34812,31.02,44.45,9.75
5-April-2019,2029.7,2058.95,2020,2051.45,2042.88267140907,152384,5206,311302633,31490,20.66,38.95,21.75
4-April-2019,2080,2080.75,2006,2014.3,2035.53999177752,150806,7255,306971644,48203,31.96,74.75,-65.7
3-April-2019,2089.8,2089.8,2060,2080.25,2075.84590000079,126061,4606,261683210,28333,22.48,29.8,-9.55
2-April-2019,2040,2084,2035.55,2079.5,2065.35270206255,156214,6705,322637007,52626,33.69,48.45,39.5
1-April-2019,2010,2040,2009.25,2031.3,2009.36577107518,532795,3804,1070580036,465054,87.29,30.75,21.3
29-March-2019,2017.9,2024.9,1986.75,2000.4,2003.16049449218,148516,5648,297501384,38387,25.85,38.15,-17.5
28-March-2019,1978,2010.95,1972.4,2000.45,1991.72067047284,204930,4876,408163317,101190,49.38,38.55,22.45
27-March-2019,1985,1998.25,1961,1968.2,1976.92772809445,125014,5015,247143643,49681,39.74,37.25,-16.8
26-March-2019,1985,1994,1959,1981.8,1971.84496617172,133616,6422,263470037,45268,33.88,35,-3.2
25-March-2019,2007,2010,1979.3,1986.9,2014.25443986967,535545,5786,1078723894,461292,86.14,30.7,-20.1
22-March-2019,2015.5,2015.5,1985.5,2004.65,1997.98975126289,151043,5535,301782366,49252,32.61,30,-10.85
20-March-2019,2025,2044.6,2002,2015.5,2025.92085847557,154786,5939,313584186,31251,20.19,42.6,-9.5
19-March-2019,2026,2030,1996.4,2024.7,2010.77726996475,82270,4832,165426646,16056,19.52,33.6,-1.3
18-March-2019,2045,2062.9,2012,2021.3,2034.37428906994,108133,4523,219982995,21313,19.71,50.9,-23.7
15-March-2019,1993,2069,1993,2040.2,2040.03328599614,184492,7657,376369821,42397,22.98,76,47.2
14-March-2019,2009,2009,1982.3,1988.6,1991.85820659396,47407,3402,94428022,13475,28.42,26.7,-20.4
13-March-2019,2006.1,2015.15,1978.6,2001.15,2000.68059854957,91421,4920,182904221,32373,35.41,36.55,-4.95
12-March-2019,2018,2024.9,2003.35,2012.55,2014.93905652205,55412,3045,111651803,13945,25.17,21.55,-5.45
11-March-2019,2022.7,2032.8,2005.5,2014.1,2016.93533185715,52839,2639,106572846,14909,28.22,27.3,-8.6
8-March-2019,2029,2032.6,2010.05,2022.3,2023.18726122563,96587,4480,195413588,24130,24.98,22.55,-6.7
7-March-2019,2000.5,2021,2000.5,2011.5,2013.88211892502,70885,5079,142754034,19949,28.14,20.5,11
6-March-2019,1990,2014.35,1986.45,1999.4,2002.27681610646,110167,6353,220584830,33273,30.2,27.9,9.4
5-March-2019,2002,2005,1978.05,1987.85,1986.44594301128,87491,4811,173796142,24913,28.47,26.95,-14.15
1-March-2019,1990,2005.95,1982.5,1991.65,1993.50282825002,141607,8958,282293955,35422,25.01,23.45,1.65
28-February-2019,2065,2070,1977.85,1984.25,2006.62204862379,342425,13887,687117555,119804,34.99,92.15,-80.75
27-February-2019,2037,2070,2020.85,2053.75,2048.69004816308,142848,7002,292651276,20605,14.42,49.15,16.75
26-February-2019,1977,2038.65,1969.9,2032.35,2018.17634918807,217075,8576,438095631,46050,21.21,68.75,55.35
25-February-2019,1927.15,1990,1927.15,1985,1963.84445192631,124746,6033,244981740,30710,24.62,62.85,57.85
22-February-2019,1920,1930.5,1905,1925.9,1920.6317558019,63686,2703,122317354,13712,21.53,25.5,5.9
21-February-2019,1924,1939.8,1898.65,1912.25,1922.57080913279,199720,6301,383975842,49271,24.67,41.15,-11.75
20-February-2019,1913.95,1933.8,1882,1914.45,1908.91203502868,246655,8171,470842698,83147,33.71,51.8,0.5
19-February-2019,1971.75,1971.75,1895,1904.85,1927.49703519621,173030,7153,333514812,46777,27.03,76.75,-66.9
18-February-2019,2035,2044.1,1965.6,1971.75,1984.07958561029,103574,4610,205499059,41347,39.92,78.5,-63.25
15-February-2019,2045,2052,2013,2030.9,2031.9465669671,69676,3141,141577909,13632,19.56,39,-14.1
14-February-2019,2064,2075,2033.15,2044.65,2050.89646477256,40054,2346,82146607,10172,25.4,41.85,-19.35
13-February-2019,2057,2082.75,2050.65,2068.6,2064.23787806734,210280,4392,434067941,143997,68.48,32.1,11.6
12-February-2019,2070,2077,2020.35,2050.65,2043.34426489946,88124,4670,180067670,21701,24.63,56.65,-19.35
11-February-2019,2062,2093.45,2051.05,2065.55,2075.80179498887,70084,3357,145480493,14551,20.76,42.4,3.55
8-February-2019,2078,2088.25,2054,2062.75,2082.53105981419,856235,2882,1783135982,790434,92.32,34.25,-15.25
7-February-2019,2079.4,2097.8,2069.5,2079.9,2083.32948988196,94880,3867,197666302,36271,38.23,28.3,0.5
6-February-2019,2052,2086,2040.4,2077.85,2066.17519949991,355138,3807,733777328,290618,81.83,45.6,25.85
5-February-2019,2049,2054.75,2028.05,2044.35,2042.75381572302,71284,2876,145615663,19421,27.24,26.7,-4.65
4-February-2019,2030,2051,2018.3,2047.15,2039.08771440017,82381,3148,167982085,22564,27.39,32.7,17.15
1-February-2019,2005,2035,1998.3,2030.75,2022.4079716138,112449,4549,227417754,22975,20.43,36.7,25.75
31-January-2019,1988,2019.5,1985.05,2014.6,2006.35134875288,145616,10664,292156858,61344,42.13,34.45,26.6
30-January-2019,1983.15,1983.95,1955.1,1977.85,1973.34546127762,102628,4634,202520498,30755,29.97,28.85,-5.3
29-January-2019,1956,1989.8,1937.3,1983.15,1962.16909951711,126943,5389,249083632,37245,29.34,52.5,27.15
28-January-2019,1931.7,1958,1929.55,1951.95,1947.37362105737,146761,6046,285798500,45972,31.32,28.45,20.25
25-January-2019,1904.4,1933.45,1900.75,1919.05,1920.7323943662,97696,4731,187647872,23765,24.33,32.7,14.65
24-January-2019,1882,1904.5,1876,1901.75,1894.6316526108,83595,3268,158381733,33937,40.6,28.5,19.75
23-January-2019,1900,1907.7,1874,1879.75,1883.7199634607,64588,3027,121665705,16349,25.31,33.7,-20.25
22-January-2019,1908,1918.2,1890.7,1900.35,1903.31071578751,85612,3839,162946237,27666,32.32,27.5,-7.65
21-January-2019,1900.4,1931.3,1896.55,1905.8,1917.1084130858,145868,5952,279644770,45795,31.39,34.75,5.4
18-January-2019,1887,1904.45,1877.3,1900.4,1891.42058352206,75507,3592,142815494,26786,35.47,27.15,13.4
17-January-2019,1871,1899,1871,1895.1,1887.92714560746,138166,6277,260847342,51023,36.93,28,24.1
16-January-2019,1869.95,1874.8,1848.55,1870.1,1862.81508094291,105630,4274,196769157,21307,20.17,26.25,0.15
15-January-2019,1813.55,1868,1809.55,1864.2,1847.75764519646,180669,8717,333832526,47074,26.06,58.45,50.65
14-January-2019,1854.7,1854.85,1810.5,1814.4,1818.43730149394,170020,10538,309170710,67588,39.75,44.35,-40.3
11-January-2019,1875,1876.05,1836.1,1841.95,1848.47811190828,530631,26351,980859789,142980,26.95,39.95,-33.05
10-January-2019,1904,1906.8,1874.1,1888.15,1893.42522009026,157549,8638,298307250,35172,22.32,32.7,-15.85
9-January-2019,1915,1919,1869.05,1887.8,1895.8744392902,156721,5261,297123338,38750,24.73,49.95,-27.2
8-January-2019,1902,1908,1884,1893.05,1892.60130680271,84481,3571,159888851,20820,24.64,24,-8.95
7-January-2019,1891.1,1909,1880.25,1896.65,1894.0404381644,98867,4087,187258096,31343,31.7,28.75,5.55
4-January-2019,1901,1901.05,1841.5,1873.95,1867.71084870527,320877,12058,599305454,77748,24.23,59.55,-27.05
3-January-2019,1913.5,1944,1891.7,1896.45,1914.15965242746,155018,5675,296729201,47656,30.74,52.3,-17.05
2-January-2019,1907.9,1933,1900.55,1923.15,1921.30249169206,145042,5128,278669556,31796,21.92,32.45,15.25
1-January-2019,1905,1909,1885.1,1902.35,1899.90067387773,144685,2800,274887129,90664,62.66,23.9,-2.65
31-December-2018,1901,1910.15,1887,1893.55,1896.06614986415,155314,3751,294485618,84242,54.24,23.15,-7.45
28-December-2018,1909.45,1921,1893.75,1895.8,1905.53699862075,178358,4109,339867768,100966,56.61,27.25,-13.65
27-December-2018,1909.9,1940.1,1892.35,1909.45,1920.16519075656,146915,6049,282101069,28258,19.23,47.75,-0.45
26-December-2018,1916,1917.95,1872,1889.5,1885.07250236848,111886,5684,210913222,30375,27.15,45.95,-26.5
24-December-2018,1901,1938,1901,1915.55,1923.14130992634,132496,4233,254808531,35320,26.66,37,14.55
21-December-2018,1949.9,1950,1890,1897.25,1921.22936809856,167447,7099,321704094,54208,32.37,60,-52.65
20-December-2018,1965,1975.45,1947,1956.35,1954.8256497514,143401,3386,280323953,78641,54.84,28.45,-8.65
19-December-2018,1985,1985,1960,1967.2,1969.17793932502,123115,3852,242435342,40336,32.76,25,-17.8
18-December-2018,1999.5,2001.95,1975.1,1987.7,1987.34180576631,76444,3404,151920357,21426,28.03,26.85,-11.8
17-December-2018,1990.15,2003,1985.5,1993.25,1994.52947997077,62958,2174,125571587,21253,33.76,17.5,3.1
14-December-2018,1995,1995,1975.65,1989.25,1986.2504078197,76627,2947,152200410,10648,13.9,19.35,-5.75
13-December-2018,2020,2028.4,1975,1983.65,1995.71946511569,157492,11569,314309850,49481,31.42,53.4,-36.35
12-December-2018,1998.35,2022.05,1987.1,2018.7,2008.8967382456,466804,3734,937761033,17300,3.71,34.95,20.35
11-December-2018,1973.5,2009.7,1961.15,1998.35,1990.19867385573,100894,5732,200799105,16286,16.14,48.55,24.85
10-December-2018,1979,2009.9,1962.05,1974.9,1987.61595335541,97246,4695,193287701,17835,18.34,47.85,-4.1
7-December-2018,1991.75,2003.85,1975,1995.95,1991.08158661991,101524,4092,202142567,24376,24.01,28.85,4.2
6-December-2018,2000,2017.95,1981.25,1991.75,1998.68878804728,111506,4566,222865792,21605,19.38,36.7,-8.25
5-December-2018,2009.4,2017.5,1985,2006.1,2002.99561674233,127987,5330,256357400,37278,29.13,32.5,-3.3
4-December-2018,1983,2019.3,1971.5,2009.4,2004.02165471742,164306,6462,329272782,32561,19.82,47.8,26.4
3-December-2018,1980.1,1990,1969.05,1982.2,1979.26362199144,73374,3982,145226489,17527,23.89,20.95,2.1
30-November-2018,1960.25,1989.4,1960.25,1970.6,1977.03845326125,116167,4274,229666626,19577,16.85,29.15,10.35
29-November-2018,2000,2000,1943.65,1959.45,1964.33516833179,193279,7566,379664737,27006,13.97,56.35,-40.55
28-November-2018,1897,1982.15,1883.9,1976.55,1953.21582217544,778970,11370,1521496529,569016,73.05,98.25,79.55
27-November-2018,1865,1893.5,1834.6,1888.35,1866.95723391184,130220,6646,243115171,30691,23.57,58.9,23.35
26-November-2018,1822.9,1859.5,1787,1846.1,1821.43786319401,171396,8329,312187164,36729,21.43,72.5,23.2
22-November-2018,1822.45,1847.1,1810.4,1815.25,1830.47578645665,157701,5963,288667862,27418,17.39,36.7,-7.2
21-November-2018,1873,1873.05,1802,1811.75,1816.05833753282,452436,12312,821650170,279324,61.74,71.05,-61.25
20-November-2018,1903,1905.95,1875.1,1877.75,1883.4691694194,67206,2672,126580429,22008,32.75,30.85,-25.25
19-November-2018,1896,1907,1867.5,1902.05,1886.70182585174,62108,3043,117179277,17630,28.39,39.5,6.05
16-November-2018,1889.9,1898.55,1868,1882.25,1874.92971550836,315475,6303,591493452,196007,62.13,30.55,-7.65
15-November-2018,1869,1898.95,1860,1865.5,1869.24277807243,367665,4623,687255146,276290,75.15,38.95,-3.5
14-November-2018,1935.9,1935.9,1872.5,1880.55,1884.14175168712,150552,7261,283661309,52287,34.73,63.4,-55.35
13-November-2018,1925,1939.8,1903.05,1935.8,1928.09447971592,46465,1908,89588910,9446,20.33,36.75,10.8
12-November-2018,1910,1944.85,1909.8,1915.9,1927.18289698138,80898,3234,155905242,16327,20.18,35.05,5.9
9-November-2018,1955,1962.95,1904,1909.8,1918.74241393001,70524,3231,135317390,20028,28.4,58.95,-45.2
7-November-2018,1948,1950.35,1935,1942.8,1943.36114748731,24436,1550,47487973,9448,38.66,15.35,-5.2
6-November-2018,1891,1936,1890,1931.95,1926.27794243284,94811,4249,182632338,23857,25.16,46,40.95
5-November-2018,1914,1926.7,1885,1889.95,1902.99466242053,89179,5949,169707161,24821,27.83,41.7,-24.05
2-November-2018,1935.8,1953.5,1905.75,1909.8,1925.28857313181,132521,4569,255141167,25661,19.36,47.75,-26
1-November-2018,1940.1,1950,1902.55,1934.6,1918.55429845822,98198,3423,188398195,26550,27.04,47.45,-5.5
31-October-2018,1904.4,1944.6,1878.65,1937.6,1912.63503649635,136726,5543,261506938,22912,16.76,65.95,33.2
30-October-2018,1866.95,1909,1846.55,1895.4,1890.46092918785,143803,6699,271853953,28018,19.48,62.45,28.45
29-October-2018,1810,1878,1784,1869.75,1825.21000248818,140665,6068,256743165,26041,18.51,94,59.75
26-October-2018,1857.8,1858,1791.3,1799.6,1812.86766993474,167785,8009,304172002,54623,32.56,66.7,-58.2
25-October-2018,1845,1875.45,1825.5,1852.65,1857.97743821712,90640,4475,168407075,19397,21.4,49.95,7.65
24-October-2018,1858,1871.8,1812,1851.5,1842.66427147559,172568,9093,317984888,44253,25.64,59.8,-6.5
23-October-2018,1890,1896.5,1836.8,1844.15,1861.78168644335,114276,6005,212756964,39955,34.96,59.7,-45.85
22-October-2018,1918,1919.5,1888.45,1902.15,1903.45230551985,55237,2980,105140995,13923,25.21,31.05,-15.85
19-October-2018,1940,1940,1872.2,1917.05,1899.50991908223,123953,6947,235449953,26868,21.68,67.8,-22.95
17-October-2018,1974.5,1988.95,1920.1,1927.7,1945.63466367508,306638,8093,596605522,197071,64.27,68.85,-46.8
16-October-2018,1955,1969.15,1935,1961.7,1953.52597371679,168016,6403,328223620,47778,28.44,34.15,6.7
15-October-2018,1937,1955,1921.7,1949.15,1938.81158412542,174014,6201,337380359,22912,13.17,33.3,12.15
12-October-2018,1990,1990,1904.8,1918.4,1926.52502375381,650422,26927,1253054259,130534,20.07,85.2,-71.6
11-October-2018,1998.7,2013.55,1943.05,1979.75,1986.62290587792,358205,17841,711618258,86482,24.14,70.5,-18.95
10-October-2018,2110,2110,2030.2,2043.05,2086.55495637374,1935417,9335,4038353934,1791046,92.54,79.8,-66.95
9-October-2018,2080,2108,2054.4,2090.5,2084.39456936784,127278,7010,265297572,53758,42.24,53.6,10.5
8-October-2018,2106.5,2122.9,2048,2080.1,2075.36880219588,102738,5420,213219240,21461,20.89,74.9,-26.4
5-October-2018,2059.8,2119.85,2024,2103.1,2080.77102814986,166182,8126,345786691,31778,19.12,95.85,43.3
4-October-2018,2161,2161,2058.65,2064.25,2073.56412378881,537593,13671,1114733558,366343,68.15,102.35,-96.75
3-October-2018,2246.1,2253.85,2155,2162.45,2191.31325547638,151560,8821,332115437,44781,29.55,98.85,-83.65
1-October-2018,2186,2273,2186,2255.8,2240.37613298733,186123,9298,416985527,52663,28.29,87,69.8
28-September-2018,2184,2190,2159.55,2184.5,2177.03479646382,77824,5130,169425556,22554,28.98,30.45,0.5
27-September-2018,2150,2202,2136.6,2187.8,2165.22077589765,121150,6747,262316497,25506,21.05,65.4,37.8
26-September-2018,2183,2197.1,2135,2141.45,2159.15190079948,79677,5848,172034746,24167,30.33,62.1,-41.55
25-September-2018,2200,2209.6,2155,2183.1,2187.0887289419,128098,7172,280161692,30780,24.03,54.6,-16.9
24-September-2018,2104,2214.15,2098.3,2198.7,2170.00933213177,299610,15149,650156496,133124,44.43,115.85,94.7
21-September-2018,2078,2130.85,2052.5,2103.8,2089.45598540615,124436,5854,260003545,58452,46.97,78.35,25.8
19-September-2018,2074,2088.1,2066,2076.9,2080.54968669239,56494,4929,117538574,26359,46.66,22.1,2.9
18-September-2018,2075,2077.3,2059,2070,2069.83540143537,44727,3051,92577528,15118,33.8,18.3,-5
17-September-2018,2070,2077,2054.85,2071.6,2066.31902807819,49469,2868,102218736,15587,31.51,22.15,1.6
14-September-2018,2045,2070.85,2018.85,2063.3,2039.96923336639,142167,5617,290016306,44608,31.38,52,18.3
12-September-2018,2051,2067.8,2040,2043.75,2048.89739222728,162054,6631,332032018,103442,63.83,27.8,-7.25
11-September-2018,2084,2089.25,2042,2045.95,2058.00240300269,94049,4443,193553068,53194,56.56,47.25,-38.05
10-September-2018,2082.95,2093.4,2074.1,2081.2,2084.88254556998,59853,3289,124786475,30966,51.74,19.3,-1.75
7-September-2018,2080,2083.95,2065.55,2079.7,2077.23784069429,49201,2540,102202179,19523,39.68,18.4,-0.3
6-September-2018,2080,2081.5,2063,2075.7,2071.82580093313,64300,2876,133218399,27126,42.19,18.5,-4.3
5-September-2018,2100,2105.95,2075,2078.15,2085.06437567575,136884,5536,285411952,84455,61.7,30.95,-21.85
4-September-2018,2055,2100,2055,2093.2,2091.23453644683,318313,11948,665667139,182492,57.33,45,38.2
3-September-2018,2080.05,2089.95,2052.1,2054.95,2074.01449897117,125871,3903,261058279,40773,32.39,37.85,-25.1
31-August-2018,2080,2090.5,2073.05,2078.2,2083.25179390343,166815,6901,347517648,78907,47.3,17.45,-1.8
30-August-2018,2070,2080.2,2064.4,2079.45,2075.93639052466,187645,7343,389539084,94721,50.48,15.8,9.45
29-August-2018,2072.9,2072.9,2046.1,2065.8,2064.06034429376,96894,6173,199995063,41854,43.2,26.8,-7.1
28-August-2018,2052.75,2072,2051.65,2065.55,2064.83045288105,167682,8582,346234900,96133,57.33,20.35,12.8
27-August-2018,2042,2058.55,2036.55,2051.65,2051.88366864251,102741,4277,210812580,58088,56.54,22,9.65
24-August-2018,2035.1,2046.05,2031,2042.2,2041.31108644989,90110,4607,183942542,42010,46.62,15.05,7.1
23-August-2018,2020,2038.7,2020,2035.45,2030.84370377675,162256,7026,329516576,90008,55.47,18.7,15.45
21-August-2018,2010,2022.75,2005,2013.65,2014.59204694027,62718,2167,126351184,20894,33.31,17.75,3.65
20-August-2018,2023.5,2023.5,2005.25,2010.4,2012.53823314256,69717,3003,140308128,26579,38.12,18.25,-13.1
17-August-2018,2014,2021.15,2005,2011.85,2009.35054683893,175463,3695,352566675,125236,71.37,16.15,-2.15
16-August-2018,2002,2019,1996,2008.75,2010.16913362303,132552,4513,266451939,49123,37.06,23,6.75
14-August-2018,1992,2024,1983.5,2001.25,2012.20712941002,228939,9779,460672688,95394,41.67,40.5,9.25
13-August-2018,2000,2002.55,1988.25,2000.5,1996.70543816598,364314,9039,727427745,266747,73.22,14.3,0.5
10-August-2018,1978.05,1997.05,1974,1993.85,1987.69656576877,140439,4602,279150118,80873,57.59,23.05,15.8
9-August-2018,1985.9,1985.9,1966.3,1974.55,1973.64272126454,101982,4147,201276032,61425,60.23,19.6,-11.35
8-August-2018,1970,1978.3,1963.75,1974.6,1970.00761741305,94389,4474,185947049,53265,56.43,14.55,4.6
7-August-2018,1977,1977.05,1961,1968.1,1968.11428134128,78403,4101,154306064,38925,49.65,16.05,-8.9
6-August-2018,1998,1998,1971,1976.35,1981.27490331442,110668,4841,219263731,50874,45.97,27,-21.65
3-August-2018,1956.9,1980,1956.9,1977.35,1972.88251001335,57673,2830,113782053,21994,38.14,23.1,20.45
2-August-2018,1980.7,1984.6,1941,1950.65,1960.51845720124,105704,7752,207234643,40405,38.22,43.6,-30.05
1-August-2018,1951,1980,1950,1975.1,1971.33702005375,112747,4804,222262335,37875,33.59,30,24.1
31-July-2018,1943.6,1948.5,1929.05,1941.25,1934.6999196303,89586,7227,173322027,46685,52.11,19.45,-2.35
30-July-2018,1948.55,1955.3,1935,1944.95,1943.436435886,96383,5887,187314234,28663,29.74,20.3,-3.6
27-July-2018,1965,1966.8,1940,1943.1,1948.0655595067,132170,7148,257475825,67227,50.86,26.8,-21.9
26-July-2018,1975,1985.05,1955.55,1963.3,1969.3955121392,83737,4277,164911272,38383,45.84,29.5,-11.7
25-July-2018,2000.15,2003,1971,1979.4,1979.67956200383,91325,5758,180794236,34064,37.3,32,-20.75
24-July-2018,2009.05,2012,1987,1996.85,1996.79915087086,59826,3756,119460506,17730,29.64,25,-12.2
23-July-2018,2000,2008.85,1991.2,2005.05,2005.09609192207,86334,4188,173107966,36751,42.57,17.65,5.05
20-July-2018,1983.05,2000,1983,1995.95,1993.20188200533,62274,3603,124124654,21386,34.34,17,12.9
19-July-2018,1999,2009.95,1970.55,1981.45,1984.88641907073,83227,4013,165196142,25400,30.52,39.4,-17.55
18-July-2018,2005.5,2009.9,1993,1997.3,1999.58366546629,78031,3924,156029513,27822,35.66,16.9,-8.2
17-July-2018,1988,2005.45,1982,1997.85,1994.7309101705,117890,5198,235158827,38259,32.45,23.45,9.85
16-July-2018,1985.05,1996,1978.4,1988.8,1988.29569057816,112080,5663,222848181,39625,35.35,17.6,3.75
13-July-2018,1975,1998,1975,1981.25,1983.59412540077,975624,8702,1935242035,801754,82.18,23,6.25
12-July-2018,1984,1992,1961.5,1971,1972.80670041494,602500,13828,1188616037,359504,59.67,30.5,-13
11-July-2018,1900,1995,1894,1979.6,1956.9857512293,1157363,44817,2264942900,294374,25.43,101,79.6
10-July-2018,1895.2,1900,1872.6,1877,1882.593829355,433180,18579,815501995,209864,48.45,27.4,-18.2
9-July-2018,1927.95,1930,1882,1887.65,1890.65493350705,374551,11215,708146696,206640,55.17,48,-40.3
6-July-2018,1882.8,1920.3,1880,1913.3,1908.6339575507,211358,8164,403405056,98826,46.76,40.3,30.5
5-July-2018,1875.2,1887,1864,1881.7,1876.18094737986,110452,5257,207227938,46388,42,23,6.5
4-July-2018,1879,1880,1860.1,1869.65,1867.08384795532,138775,9587,259104561,80734,58.18,19.9,-9.35
3-July-2018,1859.95,1880,1858,1875.9,1873.28981441388,163967,7300,307157711,73061,44.56,22,15.95
2-July-2018,1829.95,1859.95,1829.95,1855.6,1854.44833575485,151420,8013,280800567,80437,53.12,30,25.65
29-June-2018,1846,1868,1843,1847.2,1851.53144828007,229631,12213,425169018,106610,46.43,25,1.2
28-June-2018,1865,1872,1830.15,1847.3,1848.32622691388,333642,14288,616679259,142048,42.57,41.85,-17.7
27-June-2018,1859.8,1886.2,1852,1859.8,1871.34069792931,474432,14800,887823910,268177,56.53,34.2,0
26-June-2018,1821,1862,1821,1852.7,1835.95133473636,1065791,20665,1956740409,893456,83.83,41,31.7
25-June-2018,1812,1824,1809,1820.45,1817.88383197341,215085,8218,390999544,104621,48.64,15,8.45
22-June-2018,1828.8,1829,1803.25,1811.8,1812.41292066077,200191,7852,362828755,102497,51.2,25.75,-17
21-June-2018,1830,1834,1818,1819.85,1823.60803637071,184984,6940,337338309,93180,50.37,16,-10.15
20-June-2018,1833,1836.6,1823,1826.3,1830.42929758345,204010,7939,373425881,108644,53.25,13.6,-6.7
19-June-2018,1822.65,1839.6,1822,1825.85,1830.89732472568,721683,10297,1321327474,567882,78.69,17.6,3.2
18-June-2018,1869,1870.7,1825.5,1830.7,1842.32952906359,522045,18725,961778919,287279,55.03,45.2,-38.3
15-June-2018,1801,1849,1791,1841.45,1821.93428204549,765529,21913,1394743529,261573,34.17,58,40.45
14-June-2018,1839,1840,1785,1792.25,1800.0528047329,313381,11016,564102348,117180,37.39,55,-46.75
13-June-2018,1815,1832,1800,1824.2,1818.65246060962,353957,13670,643724769,150466,42.51,32,9.2
12-June-2018,1756,1784.95,1753.5,1781,1777.00888388798,152861,3699,271635355,81891,53.57,31.45,25
11-June-2018,1747,1763.45,1742.8,1750.6,1754.68665749656,58160,2353,102052576,17988,30.93,20.65,3.6
8-June-2018,1736,1757.5,1736,1748.2,1748.52694673199,402906,2729,704491998,358186,88.9,21.5,12.2
7-June-2018,1725.4,1748.5,1725.4,1734.6,1736.94021428331,118908,3443,206536087,54478,45.82,23.1,9.2
6-June-2018,1724.7,1735.3,1716.3,1727.25,1727.47319249353,383083,2970,661765613,20663,5.39,19,2.55
5-June-2018,1745,1752.6,1713.45,1721.2,1728.82623852685,104701,6539,181009836,37823,36.12,39.15,-23.8
4-June-2018,1751.7,1752,1712.9,1744.55,1729.90010263428,242609,4871,419689334,157883,65.08,39.1,-7.15
1-June-2018,1758,1760,1719,1732.25,1743.04927696967,117215,4209,204311521,39157,33.41,41,-25.75
31-May-2018,1742.3,1758.7,1726.1,1744.8,1745.7661272827,156722,9289,273599959,57663,36.79,32.6,2.5
30-May-2018,3520,3532.5,3484.6,3517.75,3510.47555153005,77285,4455,271307103,27662,35.79,47.9,-2.25
29-May-2018,3512,3549.5,3491.1,3522.7,3518.33750643948,102881,5450,361970081,31461,30.58,58.4,10.7
28-May-2018,3601.1,3618,3488,3503.8,3523.00406596747,131580,8147,463556875,30550,23.22,130,-97.3
25-May-2018,3619,3674,3572.8,3589.45,3631.44514336388,84575,5461,307129473,23375,27.64,101.2,-29.55
24-May-2018,3500,3615,3500,3604.8,3577.39067519102,96195,6374,344127096,24716,25.69,115,104.8
23-May-2018,3528,3544.95,3482.8,3497.05,3512.3553046508,45347,2842,159274776,12439,27.43,62.15,-30.95
22-May-2018,3558,3575,3495,3508.05,3522.04856657136,51764,3502,182315322,13954,26.96,80,-49.95
21-May-2018,3520,3591.85,3510,3557.95,3569.89250175603,68336,4304,243952174,17777,26.01,81.85,37.95
18-May-2018,3489.85,3518,3462.5,3502.35,3488.09384703853,26085,1789,90986928,5939,22.77,55.5,12.5
17-May-2018,3515.85,3529.8,3475,3492.7,3508.65122366726,48134,3135,168885418,14492,30.11,54.8,-23.15
16-May-2018,3480,3509.95,3475,3495.55,3495.71991622893,29127,2294,101819834,6963,23.91,34.95,15.55
15-May-2018,3454,3494.5,3436.9,3482.45,3476.61115884166,39574,2911,137583410,8124,20.53,57.6,28.45
14-May-2018,3464,3479.85,3416,3436.75,3436.37393340753,301896,2716,1037427545,7731,2.56,63.85,-27.25
11-May-2018,3455,3487.5,3446.4,3460.6,3461.76643539581,35168,2117,121743402,7611,21.64,41.1,5.6
10-May-2018,3491,3509.45,3446,3452.75,3474.96693680141,61821,3571,214825931,13998,22.64,63.45,-38.25
9-May-2018,3449,3494.45,3443,3489.05,3479.36844536381,49793,3758,173248193,14775,29.67,51.45,40.05
8-May-2018,3432,3487.95,3398.85,3441.05,3452.77935862246,101282,4820,349704399,18283,18.05,89.1,9.05
7-May-2018,3482.25,3490,3420.1,3427.7,3442.21163003374,63422,3868,218311946,14047,22.15,69.9,-54.55
4-May-2018,3482,3504,3471.3,3480.85,3486.05264277811,46996,2419,163830530,11632,24.75,32.7,-1.15
3-May-2018,3502,3527.85,3475,3482.65,3500.54324205069,72522,4342,253866397,14960,20.63,52.85,-19.35
2-May-2018,3533,3560,3475.6,3497.8,3499.05789749599,64856,3303,226934899,13017,20.07,84.4,-35.2
30-April-2018,3455,3547,3438.2,3531.4,3523.08203002392,92393,8571,325508118,23578,25.52,108.8,76.4
27-April-2018,3540,3543.15,3449.3,3454.8,3475.70493039011,107456,6981,373485349,28156,26.2,93.85,-85.2
26-April-2018,3471,3560,3469,3540.35,3519.38704486152,150998,9408,531420405,21971,14.55,91,69.35
25-April-2018,3385,3481.5,3366,3467.9,3447.59859507149,221933,10387,765135899,28076,12.65,115.5,82.9
24-April-2018,3412.95,3443.5,3345.9,3385.65,3387.18824426075,195496,10185,662181753,33844,17.31,97.6,-27.3
23-April-2018,3429,3557,3400,3415.2,3480.58262886109,505816,24829,1760534383,63415,12.54,157,-13.8
20-April-2018,3250.2,3421.25,3245,3406.4,3337.05422207253,771955,30055,2576055692,221977,28.76,176.25,156.2
19-April-2018,3175,3215,3166.3,3190.65,3192.57007798417,102072,6361,325872013,27791,27.23,48.7,15.65
18-April-2018,3172.95,3189.8,3147.3,3159.5,3164.42897223017,52395,3866,165800256,12749,24.33,42.5,-13.45
17-April-2018,3190,3190,3149.3,3165.9,3166.63544003451,46360,2924,146805219,9446,20.38,40.7,-24.1
16-April-2018,3132,3199,3108.05,3184.8,3172.15060706074,117863,7252,373879187,16358,13.88,90.95,52.8
13-April-2018,3149,3238,3131.1,3151,3185.64708037425,141936,8194,452158004,24858,17.51,106.9,2
12-April-2018,3015.5,3150,3010.15,3137.3,3093.15562691546,921775,7737,2851193528,824729,89.47,139.85,121.8
11-April-2018,2950,3026.9,2947.2,3015.5,2994.06493970039,92455,4638,276816274,54313,58.75,79.7,65.5
10-April-2018,2939,2955.85,2925.1,2931.85,2940.47800860315,29989,1648,88181995,7709,25.71,30.75,-7.15
9-April-2018,2950,2963,2915,2921.15,2936.06750764197,23227,2348,68196040,9641,41.51,48,-28.85
6-April-2018,2941,2961.35,2927,2949.7,2945.28886688358,21207,1200,62460741,8279,39.04,34.35,8.7
5-April-2018,2915.55,2962,2915.55,2957.15,2951.33266249827,65093,2621,192111097,33069,50.8,46.45,41.6
4-April-2018,2923,2933.3,2891.95,2907.05,2915.68445117899,37617,1739,109679302,9510,25.28,41.35,-15.95
3-April-2018,2900,2927.15,2893,2908.1,2909.00819265868,34299,1813,99776072,14227,41.48,34.15,8.1
2-April-2018,2845,2910,2845,2902.9,2885.69442582883,50734,2797,146402821,13822,27.24,65,57.9
28-March-2018,2839,2874,2827.55,2849.3,2856.3584947049,82057,4430,234384209,37355,45.52,46.45,10.3
27-March-2018,2820.1,2869,2820.1,2841.85,2843.98695824002,37955,2559,107943525,13619,35.88,48.9,21.75
26-March-2018,2816.7,2822.9,2782.3,2813.05,2813.37849912269,148180,3727,416886426,106481,71.86,40.6,-3.65
23-March-2018,2806.7,2831,2800,2816.45,2815.94645327827,96850,4126,272724414,55819,57.63,31,9.75
22-March-2018,2856,2870,2825,2829.95,2844.49530173743,48635,1843,138342029,12465,25.63,45,-26.05
21-March-2018,2860.25,2882,2845,2854.6,2857.41974900263,99762,3253,285061909,50828,50.95,37,-5.65
20-March-2018,2827.45,2870,2820.7,2859.15,2851.67782660509,53704,2578,153146506,23140,43.09,49.3,31.7
19-March-2018,2840.7,2845,2820.05,2828.85,2829.1742571408,111192,3896,314581544,58170,52.31,24.95,-11.85
16-March-2018,2868.75,2870,2805,2825.5,2833.71287226901,131088,8845,371465753,37973,28.97,65,-43.25
15-March-2018,2891.15,2902.4,2857.65,2869.15,2882.83519743509,162813,3957,469363047,117836,72.38,44.75,-22
14-March-2018,2896,2925,2875.05,2886.1,2897.83017213429,135708,5956,393258737,42291,31.16,49.95,-9.9
13-March-2018,2928,2929,2884.1,2892.45,2901.88295155554,2197919,37530,6378103675,236501,10.76,44.9,-35.55
12-March-2018,3035,3080,3035,3051.85,3058.97679161685,71095,3179,217477955,23288,32.76,45,16.85
9-March-2018,3014,3059.95,2978.55,3034.5,3023.78802351911,105106,3286,317818264,15329,14.58,81.4,20.5
8-March-2018,3060,3060,2983.9,3001.5,3029.10399591966,56858,6649,172228795,25197,44.32,76.1,-58.5
7-March-2018,3055,3089.75,3024.25,3029.25,3039.35391296838,81051,2458,246342674,13168,16.25,65.5,-25.75
6-March-2018,3133,3133,3030.65,3049.8,3082.89681396905,49309,3159,152014559,12659,25.67,102.35,-83.2
5-March-2018,3069,3112.45,3036.05,3104.3,3073.10168298516,110815,4818,340545763,43259,39.04,76.4,35.3
1-March-2018,3041,3060,3021.95,3037.1,3040.39034653465,28280,1901,85982239,7201,25.46,38.05,-3.9
28-February-2018,3040,3062.35,3023.35,3038.25,3042.90573596598,101343,1667,308377196,77336,76.31,39,-1.75
27-February-2018,3049.95,3077.8,3035,3043.25,3054.54484938561,47771,1835,145918662,17174,35.95,42.8,-6.7
26-February-2018,3078.1,3084.75,3027,3035.25,3047.57813157104,49935,2353,152180814,11421,22.87,57.75,-42.85
23-February-2018,3042,3100,2996.05,3076.9,3050.58059655711,296669,6622,905012695,197348,66.52,103.95,34.9
22-February-2018,3045,3077.95,3022.55,3040.4,3044.35613027589,74703,3490,227422536,18198,24.36,55.4,-4.6
21-February-2018,2961,3060,2961,3043.05,3011.02316277953,124985,6873,376332730,59508,47.61,99,82.05
20-February-2018,2930,2983.45,2929.1,2945.05,2958.88284773863,41015,2076,121358580,8288,20.21,54.35,15.05
19-February-2018,2940,2952.45,2898.4,2924.55,2927.68093268955,83672,3809,244964919,24303,29.05,54.05,-15.45
16-February-2018,2925,2999,2924,2937.2,2973.87596858467,304310,17139,904980196,187705,61.68,75,12.2
15-February-2018,2929,2942.5,2906.6,2925.75,2925.94622236235,50746,2371,148480067,12516,24.66,35.9,-3.25
14-February-2018,2965,2974,2894.25,2910.45,2937.90486919514,55923,2631,164296454,20040,35.83,79.75,-54.55
12-February-2018,3008,3018,2956,2967.9,2994.4679786778,1196687,2910,3583440902,1145016,95.68,62,-40.1
9-February-2018,2960,2991.75,2900,2972.3,2936.608213059,59101,3283,173556482,8819,14.92,91.75,12.3
8-February-2018,2971,3026.75,2957.2,2966.25,3000.03258287688,1271404,6634,3814253426,1177629,92.62,69.55,-4.75
7-February-2018,3015,3044,2950,2955.35,2973.15398296136,125949,4696,374465771,79520,63.14,94,-59.65
6-February-2018,3030,3077.85,2985.8,2995.35,3019.5166665063,519635,4876,1569046543,456204,87.79,92.05,-34.65
5-February-2018,3111,3185.9,3078.35,3106.5,3132.49401753013,231259,3100,724417434,105146,45.47,107.55,-4.5
2-February-2018,3115,3190,3105.65,3149.15,3170.66918722707,255102,9793,808844051,177778,69.69,84.35,34.15
1-February-2018,3120,3189,3091.55,3138.9,3147.29598945585,63732,4432,200583468,11413,17.91,97.45,18.9
31-January-2018,3131,3147.1,3101,3111.75,3117.62859113457,150788,4529,470100980,93666,62.12,46.1,-19.25
30-January-2018,3119,3199.25,3119,3153.7,3164.88199625814,44363,2781,140403660,10285,23.18,80.25,34.7
29-January-2018,3118.05,3224,3118,3195.1,3193.4615616294,79686,4189,254474178,25428,31.91,106,77.05
25-January-2018,3180,3181,3080,3117.85,3123.66915457109,87222,4549,272452671,31380,35.98,101,-62.15
24-January-2018,3100,3254.8,3080,3174.6,3184.32504315614,381174,13555,1213781914,112189,29.43,174.8,74.6
23-January-2018,3115,3137.75,3092.6,3103.1,3109.96803135662,307176,7952,955307540,158979,51.76,45.15,-11.9
22-January-2018,2956,3130,2924,3113.15,3075.8762576314,221945,8374,682675356,84756,38.19,206,157.15
19-January-2018,2920,2979,2903.05,2954.75,2929.03461447082,54717,2566,160267987,15522,28.37,75.95,34.75
18-January-2018,2895,2925,2866.6,2910.1,2895.05265444107,52949,2635,153290143,11725,22.14,58.4,15.1
17-January-2018,2857.1,2925,2857,2889.45,2904.22022937699,152936,5131,444159825,72566,47.45,68,32.35
16-January-2018,2748.2,2860,2748.2,2850.85,2835.18937833907,138886,7187,393768112,40878,29.43,111.8,102.65
15-January-2018,2790,2803.05,2736.15,2747.2,2767.78050956982,32498,1739,89947331,11100,34.16,66.9,-42.8
12-January-2018,2813,2813,2744,2772.9,2763.84564726689,85946,3770,237541478,16863,19.62,69,-40.1
11-January-2018,2807.2,2820,2781.9,2788.4,2795.16835668065,70315,3345,196542263,13559,19.28,38.1,-18.8
10-January-2018,2712,2816,2697.45,2807.1,2764.34960559304,98122,5594,271243512,39052,39.8,118.55,95.1
9-January-2018,2710,2723.3,2678.9,2708.45,2702.04792110491,41777,1820,112883456,10595,25.36,44.4,-1.55
8-January-2018,2695,2721.35,2681.45,2707.75,2707.33866704261,28373,1613,76815320,9380,33.06,39.9,12.75
5-January-2018,2651,2694,2651,2684.45,2684.1596801107,49142,1397,131904975,27307,55.57,43,33.45
4-January-2018,2660,2660,2640.4,2649.8,2647.68320898077,14609,808,38680004,6232,42.66,19.6,-10.2
3-January-2018,2634,2664.05,2630.15,2635.2,2647.5496007984,20040,1075,53056894,5316,26.53,33.9,1.2
2-January-2018,2642.95,2677.45,2622.7,2633.75,2640.00474016854,22784,1308,60149868,10830,47.53,54.75,-9.2
1-January-2018,2689.8,2692.5,2642.85,2654.65,2667.22157280962,36101,1426,96289366,10878,30.13,49.65,-35.15
29-December-2017,2615,2711.7,2615,2700.4,2673.89759074779,93556,5062,250159163,34906,37.31,96.7,85.4
28-December-2017,2603,2650,2601.2,2628.85,2631.86500419242,32201,2525,84748685,8217,25.52,48.8,25.85
27-December-2017,2636.1,2657.95,2611.05,2621.05,2631.94473963868,15997,862,42103220,5217,32.61,46.9,-15.05
26-December-2017,2675.05,2688,2635,2642.8,2657.65270162683,66571,2437,176922598,14984,22.51,53,-32.25
22-December-2017,2600,2659.9,2590,2639.8,2632.47198854878,90820,3933,239081106,13617,14.99,69.9,39.8
21-December-2017,2590,2606.9,2556.7,2594.1,2594.23160058737,17025,735,44166793,4825,28.34,50.2,4.1
20-December-2017,2570,2592,2540,2588,2563.35966538606,156957,2696,402337243,86274,54.97,52,18
19-December-2017,2570,2597.4,2567.5,2575.05,2585.55395030445,26441,1742,68364632,7593,28.72,29.9,5.05
18-December-2017,2533,2585.2,2496.9,2577,2549.31839960035,44039,2176,112269433,7852,17.83,88.3,44
15-December-2017,2560,2587.3,2540.35,2547.85,2559.08506777066,35266,2264,90248694,10296,29.2,46.95,-12.15
14-December-2017,2620.25,2630,2531,2558.55,2559.90892098256,56709,4308,145169875,23989,42.3,99,-61.7
13-December-2017,2595.1,2647.55,2595.1,2627.3,2631.37527751916,27926,1256,73483786,3658,13.1,52.45,32.2
12-December-2017,2656.05,2659.1,2605.1,2614.15,2622.61701994231,31892,1431,83640502,14128,44.3,54,-41.9
11-December-2017,2605,2667,2605,2656,2631.15265866209,16907,1019,44484898,5419,32.05,62,51
8-December-2017,2617,2644,2595.05,2601,2615.82294108454,19197,3084,50215953,7794,40.6,48.95,-16
7-December-2017,2631.45,2644.55,2615.05,2617.65,2623.63891773393,17334,1505,45478157,7969,45.97,29.5,-13.8
6-December-2017,2634,2640,2613.9,2631.45,2625.54271665642,9762,602,25630548,3008,30.81,26.1,-2.55
5-December-2017,2620,2649,2620,2633.8,2640.18435420577,11722,687,30948241,3411,29.1,29,13.8
4-December-2017,2627,2658.6,2603.7,2633.35,2629.62721927271,17517,1101,46063180,7408,42.29,54.9,6.35
1-December-2017,2637,2668.95,2625,2630.55,2650.07445495681,24310,1661,64423310,10662,43.86,43.95,-6.45
30-November-2017,2658,2668.55,2625,2634.25,2646.29465264081,18252,951,48300170,5786,31.7,43.55,-23.75
29-November-2017,2679.8,2692.3,2651,2658.55,2673.77367506516,13812,769,36930162,5357,38.79,41.3,-21.25
28-November-2017,2687,2697.5,2672.25,2684.9,2690.94847826351,82373,1342,221661499,58671,71.23,25.25,-2.1
27-November-2017,2677,2691.4,2665.2,2687.05,2676.86050183253,17735,912,47474121,3555,20.05,26.2,10.05
24-November-2017,2674,2706,2674,2688.75,2688.74750861947,21173,1279,56928851,8264,39.03,32,14.75
23-November-2017,2684.1,2694.25,2672.65,2682.75,2685.44106119988,16585,686,44538040,3521,21.23,21.6,-1.35
22-November-2017,2670,2709.4,2670,2683.2,2686.75810257384,73742,1293,198126916,33729,45.74,39.4,13.2
21-November-2017,2704.75,2704.75,2670,2676.65,2682.48158692827,16157,939,43340855,5583,34.55,34.75,-28.1
20-November-2017,2718.1,2725.65,2696.95,2704.65,2712.74143340765,24222,1002,65708023,5287,21.83,28.7,-13.45
17-November-2017,2759,2759,2706,2710.1,2721.85419431909,15068,923,41012899,3569,23.69,53,-48.9
16-November-2017,2707,2761,2690,2746.6,2734.02042944136,66179,3834,180934738,14013,21.17,71,39.6
15-November-2017,2715,2749.95,2702.8,2706.15,2729.16209182221,24591,1454,67112825,4323,17.58,47.15,-8.85
14-November-2017,2758,2758,2706.55,2716.75,2722.47352129736,29722,2044,80917358,8966,30.17,51.45,-41.25
13-November-2017,2703,2774,2700,2758.9,2754.09643132831,67364,3391,185526952,31094,46.16,74,55.9
10-November-2017,2717,2729.95,2695.5,2703.3,2705.14805825243,9064,597,24519462,2694,29.72,34.45,-13.7
9-November-2017,2750,2750,2713.55,2733.85,2730.38395616299,31389,1645,85704022,11426,36.4,36.45,-16.15
8-November-2017,2728,2753.1,2719.65,2730.45,2738.11382432742,30591,4348,83761640,9732,31.81,33.45,2.45
7-November-2017,2671,2743.6,2668,2708.35,2717.17567474406,116044,5765,315311934,22357,19.27,75.6,37.35
6-November-2017,2610,2672.95,2610,2667,2646.87238966631,37160,3862,98357778,16927,45.55,62.95,57
3-November-2017,2630,2635,2604.25,2612.7,2614.7328839619,17951,1025,46937070,4494,25.03,30.75,-17.3
2-November-2017,2586.5,2670,2586.5,2625.8,2635.12836935556,40438,1813,106559321,10419,25.77,83.5,39.3
1-November-2017,2622,2622,2581.1,2602.5,2595.11627815249,25353,1199,65793983,7526,29.68,40.9,-19.5
31-October-2017,2595.05,2634.9,2595.05,2616.3,2624.1994972067,35800,2043,93946342,14548,40.64,39.85,21.25
30-October-2017,2580,2618,2580,2613,2605.56297214491,42757,1644,111406056,9681,22.64,38,33
27-October-2017,2545,2590,2534.4,2579.2,2564.96760055291,29661,1202,76079504,8203,27.66,55.6,34.2
26-October-2017,2560,2566.4,2525.6,2543,2544.01416513455,23932,1542,60883347,6863,28.68,40.8,-17
25-October-2017,2582,2611,2558.75,2561.75,2586.89959717261,13157,820,34035838,3552,27,52.25,-20.25
24-October-2017,2610,2619,2570.45,2580.6,2586.76598369081,14593,719,37748676,4496,30.81,48.55,-29.4
23-October-2017,2581,2625.05,2555,2585.95,2593.97158481899,91430,2081,237166822,64803,70.88,70.05,4.95
19-October-2017,2589.05,2594.95,2570.85,2580.95,2581.32490764145,5143,370,13275754,2226,43.28,24.1,-8.1
18-October-2017,2590,2611.9,2580,2589.05,2590.69714250294,16133,955,41795717,7239,44.87,31.9,-0.95
17-October-2017,2586,2612.95,2581.1,2594.85,2601.54126291471,31166,1897,81079635,12012,38.54,31.85,8.85
16-October-2017,2556.75,2590,2556,2585.1,2578.07561168481,42996,1604,110846939,23605,54.9,34,28.35
13-October-2017,2549.9,2605.6,2525,2556.75,2563.4859324372,93513,4662,239719260,15983,17.09,80.6,6.85
12-October-2017,2501.05,2555,2501.05,2548.55,2520.28399963612,186877,2711,470983113,155588,83.26,53.95,47.5
11-October-2017,2460,2513.35,2457.7,2500.5,2501.21939080387,127184,1835,318115087,107723,84.7,55.65,40.5
10-October-2017,2460,2470.6,2452.1,2459.55,2459.87609785831,144372,1201,355137232,125657,87.04,18.5,-0.45
9-October-2017,2448,2467,2442.6,2452.55,2457.09545921111,20459,833,50269716,8158,39.87,24.4,4.55
6-October-2017,2428,2454.05,2427.6,2445.15,2444.30295769993,24208,1015,59171686,11458,47.33,26.45,17.15
5-October-2017,2442,2442.55,2425,2430.15,2435.66277474974,112284,1403,273485959,94617,84.27,17.55,-11.85
4-October-2017,2470,2470,2429,2442.55,2439.26446692842,132440,2537,323056186,86403,65.24,41,-27.45
3-October-2017,2435,2455.45,2428,2447.05,2438.637137519,166457,3026,405928222,115039,69.11,27.45,12.05
29-September-2017,2478.45,2483.45,2420.65,2437,2443.0280923619,95364,2501,232976931,33743,35.38,62.8,-41.45
28-September-2017,2495,2511.05,2452.85,2478.45,2481.09283263792,107850,2873,267585862,69261,64.22,58.2,-16.55
27-September-2017,2490,2507.95,2474.1,2490.15,2492.13285325488,331057,1900,825038026,306122,92.47,33.85,0.15
26-September-2017,2508.2,2526,2468,2474.9,2484.93151699596,62103,2369,154321702,36550,58.85,58,-33.3
25-September-2017,2528.8,2533,2495,2508.2,2516.2877751235,43117,2751,108494780,10933,25.36,38,-20.6
22-September-2017,2525,2525.9,2495.2,2502.35,2508.38544199545,25498,1144,63958812,9618,37.72,30.7,-22.65
21-September-2017,2487.5,2539.7,2479.95,2525.85,2519.15833165964,29874,1611,75257336,9697,32.46,59.75,38.35
20-September-2017,2498.3,2505,2478.05,2492.4,2489.17509879223,17967,1056,44723009,6024,33.53,26.95,-5.9
19-September-2017,2499.05,2503.35,2492.5,2498.3,2496.83811383091,13318,623,33252890,4457,33.47,10.85,-0.75
18-September-2017,2507,2516.9,2491.1,2499.05,2501.34769368562,22330,954,55855094,9350,41.87,25.8,-7.95
15-September-2017,2492,2514.45,2487.6,2498.55,2498.50601081531,48080,1473,120128169,22794,47.41,26.85,6.55
14-September-2017,2490,2497.45,2473,2485.05,2478.80925100186,35434,718,87834127,22876,64.56,24.45,-4.95
13-September-2017,2500,2528.05,2475.35,2488.1,2507.08071812943,62997,1288,157938564,45650,72.46,52.7,-11.9
12-September-2017,2465,2494.45,2457,2486.8,2471.39556426814,26016,1092,64295827,11321,43.52,37.45,21.8
11-September-2017,2474,2480.55,2456.2,2463.55,2465.72234962784,49710,1685,122571058,25892,52.09,24.35,-10.45
8-September-2017,2463,2475,2453.95,2470.15,2467.09634433122,28066,838,69241526,16426,58.53,21.05,7.15
7-September-2017,2456,2467,2452.35,2458.95,2458.91693425278,18997,945,46712045,7970,41.95,14.65,2.95
6-September-2017,2470,2474.95,2452,2456.45,2458.74356834933,14382,986,35361650,4160,28.93,22.95,-13.55
5-September-2017,2457.8,2482.5,2440,2477.65,2460.03763674564,27606,1109,67911799,13531,49.01,42.5,19.85
4-September-2017,2456.45,2462.75,2440.2,2457.8,2453.16357060923,62768,2006,153980171,33969,54.12,22.55,1.35
1-September-2017,2475,2477,2440,2463.2,2456.3591941373,38617,2140,94857223,9174,23.76,37,-11.8
31-August-2017,2492,2500,2468,2496.75,2473.00933944866,228279,1388,564536099,8271,3.62,32,4.75
30-August-2017,2487.5,2491.45,2461,2486.75,2478.31328860405,19972,1066,49496873,6905,34.57,30.45,-0.75
29-August-2017,2485.85,2493.9,2466,2474.95,2475.84013280063,17771,1021,43998155,5533,31.13,27.9,-10.9
28-August-2017,2496,2501.95,2464,2485.85,2479.0265945038,21433,1632,53132977,6834,31.89,37.95,-10.15
24-August-2017,2475.3,2515,2475.3,2495.3,2496.55116631761,13847,820,34569744,3963,28.62,39.7,20
23-August-2017,2500,2520,2475.65,2493,2489.82302270948,12770,931,31795040,3736,29.26,44.35,-7
22-August-2017,2519.9,2538,2491,2496.05,2515.15736322273,18022,1102,45328166,5247,29.11,47,-23.85
21-August-2017,2512.85,2542,2495,2521.4,2528.92496849181,35705,2090,90295266,11604,32.5,47,8.55
18-August-2017,2475,2546.45,2470.95,2512.85,2508.57064754081,141937,5218,356058992,69852,49.21,75.5,37.85
17-August-2017,2500,2500,2462,2480.15,2478.87394880325,21642,1410,53647790,5647,26.09,38,-19.85
16-August-2017,2497,2547,2466.85,2491.05,2486.9012716063,36332,1724,90354097,8589,23.64,80.15,-5.95
14-August-2017,2501,2505.6,2460.05,2469.15,2485.21007591442,14490,1044,36010694,6152,42.46,45.55,-31.85
11-August-2017,2514,2533.3,2485,2494,2507.42388168326,38473,1927,96468119,10587,27.52,48.3,-20
10-August-2017,2498.4,2520,2486.5,2511.25,2500.9958104105,23630,1457,59098531,8558,36.22,33.5,12.85
9-August-2017,2495.95,2521.45,2495.1,2501.95,2506.08853347791,18445,1268,46224803,5909,32.04,26.35,6
8-August-2017,2525,2526,2486,2497.8,2506.17242208542,20792,1288,52108337,6642,31.94,40,-27.2
7-August-2017,2522,2522.75,2484,2504.6,2494.85686185993,31012,1624,77370501,10006,32.26,38.75,-17.4
4-August-2017,2490,2528,2487.45,2522.75,2510.14570552147,29340,1975,73647675,10308,35.13,40.55,32.75
3-August-2017,2479,2501.45,2472,2489.55,2487.35220703978,453594,1656,1128248037,441176,97.26,29.45,10.55
2-August-2017,2499,2501.85,2458,2467.35,2482.66011473714,21266,1435,52796250,6142,28.88,43.85,-31.65
1-August-2017,2494.05,2518.9,2488.3,2499.95,2503.25764561242,26028,1843,65154790,9404,36.13,30.6,5.9
31-July-2017,2470,2516,2464.9,2494.05,2493.23409621232,42427,2454,105780443,9370,22.08,51.1,24.05
28-July-2017,2479.4,2488.55,2443.85,2482.75,2465.59299318128,42530,3135,104861670,11794,27.73,44.7,3.35
27-July-2017,2550,2583.7,2469.05,2484.35,2515.04342535174,59988,3921,150872425,19121,31.87,114.65,-65.65
26-July-2017,2555,2573,2547,2554.8,2558.62437209302,37625,2130,96268242,12032,31.98,26,-0.2
25-July-2017,2530,2580,2517.7,2570.65,2554.56272561425,51526,2932,131626399,20321,39.44,62.3,40.65
24-July-2017,2480,2539.2,2479.9,2532.65,2518.99213459735,57594,2851,145078833,18576,32.25,59.3,52.65
21-July-2017,2445.2,2499,2439.8,2490.9,2473.21186304453,43547,2740,107700957,14194,32.59,59.2,45.7
20-July-2017,2450,2457.4,2431,2445.2,2442.52477048328,23092,1295,56402782,6338,27.45,26.4,-4.8
19-July-2017,2418,2457.9,2417.3,2450.45,2440.50711251134,41898,2557,102252367,13390,31.96,40.6,32.45
18-July-2017,2397,2440,2397,2405.25,2414.73110895249,88534,2293,213785804,60083,67.86,43,8.25
17-July-2017,2400,2420.65,2384,2395.7,2402.54142559593,34568,2071,83051052,8853,25.61,36.65,-4.3
14-July-2017,2389,2422.65,2376.1,2398.8,2398.50891207891,210052,7469,503811594,79323,37.76,46.55,9.8
13-July-2017,2449.9,2471,2427.1,2444.05,2447.07601852258,68457,3777,167519483,11910,17.4,43.9,-5.85
12-July-2017,2487.95,2488,2431.3,2439.1,2449.52461918395,45757,2640,112082898,10442,22.82,56.7,-48.85
11-July-2017,2438.8,2513.4,2426.85,2471.9,2473.55592384662,144813,6064,358203054,54929,37.93,86.55,33.1
10-July-2017,2333,2452,2333,2440.85,2418.04604614387,675366,39253,1633066086,365708,54.15,119,107.85
7-July-2017,2354.6,2356,2325,2332.2,2343.73401446029,54909,2332,128692091,34440,62.72,31,-22.4
6-July-2017,2350.05,2361.3,2340,2344.8,2348.56420633391,31134,1906,73120198,13224,42.47,21.3,-5.25
5-July-2017,2364,2364,2346.3,2357.75,2355.59410179929,20786,1308,48963379,6779,32.61,17.7,-6.25
4-July-2017,2373.4,2381.4,2351.1,2364,2365.66079248104,28089,1592,66449046,7124,25.36,30.3,-9.4
3-July-2017,2364,2382.95,2345.5,2373.4,2366.53367603571,36183,2016,85628288,16207,44.79,37.45,9.4
30-June-2017,2330,2377.85,2326,2364.35,2361.85302177726,54736,2907,129278387,20213,36.93,51.85,34.35
29-June-2017,2353,2370.8,2325,2334.65,2349.12849520798,40484,2706,95102118,12542,30.98,45.8,-18.35
28-June-2017,2345,2358.3,2335.15,2351.2,2346.41287659328,41424,2138,97197807,16742,40.42,23.15,6.2
27-June-2017,2358.75,2386.35,2335,2345.9,2356.09462739027,47798,2905,112616611,13762,28.79,51.35,-12.85
23-June-2017,2403,2413,2353,2360.65,2384.63757944065,46733,3970,111441268,20335,43.51,60,-42.35
22-June-2017,2410,2430.1,2388.9,2395.75,2405.62424903478,57759,3815,138946451,14408,24.95,41.2,-14.25
21-June-2017,2441,2441,2398,2406.05,2411.86750487752,46130,3731,111259448,13097,28.39,43,-34.95
20-June-2017,2429.95,2445,2383.1,2441.5,2423.65567245532,39445,2837,95601098,10782,27.33,61.9,11.55
19-June-2017,2408.5,2442.85,2406.55,2431.9,2429.48994348404,48128,3305,116926492,12923,26.85,36.3,23.4
16-June-2017,2411.1,2434.9,2389.5,2397.45,2404.42595797281,72810,4378,175066254,16327,22.42,45.4,-13.65
15-June-2017,2465.05,2469.95,2406.05,2411.1,2431.23435890834,77680,5035,188858285,35348,45.5,63.9,-53.95
14-June-2017,2450.05,2477,2450.05,2470.8,2470.22551663583,63778,1951,157546043,9484,14.87,26.95,20.75
13-June-2017,2466.25,2482.45,2450,2453.4,2464.33136839202,58017,3706,142973113,18738,32.3,32.45,-12.85
